<?xml version="1.0" encoding="ISO-8859-1" ?>

<!DOCTYPE struts-config PUBLIC
          "-//Apache Software Foundation//DTD Struts Configuration 1.3//EN"
          "http://struts.apache.org/dtds/struts-config_1_3.dtd">

<struts-config>

	<form-beans>

		<form-bean name="loginForm" type="form.LoginForm" />
		<form-bean name="leaveForm" type="form.LeaveForm" />
		

	</form-beans>

	<action-mappings>

		<action 
			path="/login" 
			type="action.LeaveAction" 
			parameter="logout">
			<forward name="success" path="/WEB-INF/pages/login.jsp" />
		</action>

		<action 
			path="/loginCheck" 
			scope="session" 
			name="loginForm"
			input="/WEB-INF/pages/login.jsp" 
			validate="true" type="action.LeaveAction" 
			parameter="login">
			<forward name="success" path="/WEB-INF/pages/employeeLoggedIn.jsp" />
			<forward name="Msuccess" path="/mgrView.do" />
		</action>
		
		<action 
			path="/mgrView" 
			type="action.LeaveAction" 
			parameter="mgrViewEmpLvRecords">
			<forward name="success" path="/WEB-INF/pages/mgrviewEmpRecords.jsp"/>	
		</action>

		<action 
			path="/applyLeave" 
			forward="/WEB-INF/pages/AppllyingLeave.jsp">
		</action>
		
		<action 
			path="/applied" 
			name="leaveForm" 
			type="action.LeaveAction" 
			parameter="applyLeave" 
			scope="session"
			input="/WEB-INF/pages/AppllyingLeave.jsp" 
			validate="true">
			<forward name="success" path="/WEB-INF/pages/empLeaveConfirmation.jsp" />
		</action>
		
		<action 
			path="/edit" 
			forward="/WEB-INF/pages/AppllyingLeave.jsp">
		</action>
		
		<action 
			path="/confirmed" 
			name="leaveForm" 
			type="action.LeaveAction" 
			parameter="confirmApplyLeave">
			<forward name="success" path="/WEB-INF/pages/greeting.jsp"></forward>
		</action>
		
		<action 
			path="/empLeaverecords" 
			
			type="action.LeaveAction" 
			parameter="empLeaveRecords">
			<forward name="success" path="/WEB-INF/pages/empRecords.jsp" />
		</action>

		<action 
			path="/employeeLoggedIn" 
			forward="/WEB-INF/pages/employeeLoggedIn.jsp">
		</action>
		
		<action 
			path="/approvedRejectLeaves" 
			type="action.LeaveAction" 
			parameter="approveRejectLeaves">
			<forward name="success" path="/mgrView.do" />
		</action>

	</action-mappings>

	<message-resources parameter="ApplicationResource" />

</struts-config>

